{
	"info": {
		"_postman_id": "db795fed-9f4c-494a-945f-8a2085d02054",
		"name": "AjudaZupper",
		"schema": "https://schema.getpostman.com/json/collection/v2.1.0/collection.json"
	},
	"item": [
		{
			"name": "Login",
			"item": [
				{
					"name": "localhost:8080/login",
					"request": {
						"method": "POST",
						"header": [],
						"body": {
							"mode": "raw",
							"raw": "{\r\n    \"email\": \"maicon@zup.com.br\",\r\n    \"senha\": \"746MA51fg@\"\r\n}",
							"options": {
								"raw": {
									"language": "json"
								}
							}
						},
						"url": {
							"raw": "localhost:8080/login",
							"host": [
								"localhost"
							],
							"port": "8080",
							"path": [
								"login"
							]
						}
					},
					"response": []
				}
			]
		},
		{
			"name": "Usuario",
			"item": [
				{
					"name": "localhost:8080/usuario",
					"protocolProfileBehavior": {
						"disableBodyPruning": true
					},
					"request": {
						"method": "GET",
						"header": [
							{
								"key": "Authorization",
								"value": "Token eyJhbGciOiJIUzUxMiJ9.eyJzdWIiOiJhZG1pbkB6dXAuY29tLmJyIiwiaWRVc3VhcmlvIjoiYWRtaW5AenVwLmNvbS5iciIsImV4cCI6MTY0MzkyNjgzMX0.CL3sTeJeotA75kxQ5-d5jJM_iyZSzDAWGwP4XDSrB_RxSj-a1_Kx8JyfbDRIVXI5GTm83roghPvZp34lln6itw",
								"type": "default"
							}
						],
						"body": {
							"mode": "raw",
							"raw": "",
							"options": {
								"raw": {
									"language": "json"
								}
							}
						},
						"url": {
							"raw": "localhost:8080/usuario",
							"host": [
								"localhost"
							],
							"port": "8080",
							"path": [
								"usuario"
							]
						}
					},
					"response": []
				},
				{
					"name": "localhost:8080/usuario/user@zup.com.br",
					"request": {
						"method": "GET",
						"header": [],
						"url": {
							"raw": "localhost:8080/usuario/user@zup.com.br",
							"host": [
								"localhost"
							],
							"port": "8080",
							"path": [
								"usuario",
								"user@zup.com.br"
							]
						}
					},
					"response": []
				},
				{
					"name": "localhost:8080/usuario",
					"request": {
						"method": "POST",
						"header": [
							{
								"key": "Authorization",
								"value": "Token eyJhbGciOiJIUzUxMiJ9.eyJzdWIiOiJ1c2VyQHp1cC5jb20uYnIiLCJpZFVzdWFyaW8iOiJ1c2VyQHp1cC5jb20uYnIiLCJleHAiOjE2NDMzODkyMjh9.Yi_IrEpRqPbmOYv-p8gTvDANb7QLKfEKcyjTyE-xCMAnHLsDyQHSaq3fQYtWXtkC6E64fwbqEMp3InF8XEDfYw",
								"type": "default"
							}
						],
						"body": {
							"mode": "raw",
							"raw": "{\r\n    \"email\": \"braian@zup.com.br\",\r\n    \"senha\": \"746MA51fg@\"\r\n}",
							"options": {
								"raw": {
									"language": "json"
								}
							}
						},
						"url": {
							"raw": "localhost:8080/usuario",
							"host": [
								"localhost"
							],
							"port": "8080",
							"path": [
								"usuario"
							]
						}
					},
					"response": []
				},
				{
					"name": "localhost:8080/usuario",
					"request": {
						"method": "PUT",
						"header": [
							{
								"key": "Authorization",
								"value": "Token eyJhbGciOiJIUzUxMiJ9.eyJzdWIiOiJicmFpYW5AenVwLmNvbS5iciIsImlkVXN1YXJpbyI6ImJyYWlhbkB6dXAuY29tLmJyIiwiZXhwIjoxNjQzOTE3MzMzfQ.KZgExcwHXGuXo-qWKjkkIyQ4BU7LjM_jyywV9uI-unazvIfYLCxa_6FChsnz1fSOP71N_Ep7x3IzDlZGlB7WjA",
								"type": "default"
							}
						],
						"body": {
							"mode": "raw",
							"raw": "{\r\n    \"senha\":\"@746MA51fg\"\r\n}",
							"options": {
								"raw": {
									"language": "json"
								}
							}
						},
						"url": {
							"raw": "localhost:8080/usuario",
							"host": [
								"localhost"
							],
							"port": "8080",
							"path": [
								"usuario"
							]
						}
					},
					"response": []
				},
				{
					"name": "localhost:8080/usuario/user@zup.com.br",
					"request": {
						"method": "DELETE",
						"header": [
							{
								"key": "Authorization",
								"value": "Token eyJhbGciOiJIUzUxMiJ9.eyJzdWIiOiJ1c2VyQHp1cC5jb20uYnIiLCJpZFVzdWFyaW8iOiJ1c2VyQHp1cC5jb20uYnIiLCJleHAiOjE2NDMzODkyMjh9.Yi_IrEpRqPbmOYv-p8gTvDANb7QLKfEKcyjTyE-xCMAnHLsDyQHSaq3fQYtWXtkC6E64fwbqEMp3InF8XEDfYw",
								"type": "default"
							}
						],
						"url": {
							"raw": "localhost:8080/usuario/user@zup.com.br",
							"host": [
								"localhost"
							],
							"port": "8080",
							"path": [
								"usuario",
								"user@zup.com.br"
							]
						}
					},
					"response": []
				}
			]
		},
		{
			"name": "Beneficio",
			"item": [
				{
					"name": "localhost:8080/beneficio",
					"request": {
						"method": "GET",
						"header": [
							{
								"key": "Authorization",
								"value": "Token eyJhbGciOiJIUzUxMiJ9.eyJzdWIiOiJhZG1pbkB6dXAuY29tLmJyIiwiaWRVc3VhcmlvIjoiYWRtaW5AenVwLmNvbS5iciIsImV4cCI6MTY0MzMxMTY0N30.dkSlYsopAiA_Piy7t8TFqFe3GFwCsUvel3AHJcHg8IEpYRjY7__j9L32BBVHZTU7GGJJ-QEpvbYxUsOGkLw5Hg",
								"type": "default"
							},
							{
								"key": "",
								"value": "",
								"type": "default",
								"disabled": true
							}
						],
						"url": {
							"raw": "localhost:8080/beneficio",
							"host": [
								"localhost"
							],
							"port": "8080",
							"path": [
								"beneficio"
							]
						}
					},
					"response": []
				},
				{
					"name": "localhost:8080/beneficio/2",
					"request": {
						"method": "GET",
						"header": [],
						"url": {
							"raw": "localhost:8080/beneficio/2",
							"host": [
								"localhost"
							],
							"port": "8080",
							"path": [
								"beneficio",
								"2"
							]
						}
					},
					"response": []
				},
				{
					"name": "localhost:8080/beneficio",
					"request": {
						"method": "POST",
						"header": [
							{
								"key": "Authorization",
								"value": "Token eyJhbGciOiJIUzUxMiJ9.eyJzdWIiOiJhZG1pbkB6dXAuY29tLmJyIiwiaWRVc3VhcmlvIjoiYWRtaW5AenVwLmNvbS5iciIsImV4cCI6MTY0MzY1MTczNX0.uHdJXHBTmGm71VhHgrd-h-vevkL554gd4ghD9pcRTIpUXTIZwkPR7QyY2jAd6ij_TDFVjrTUqPxlL9g6x_mENA",
								"type": "default"
							},
							{
								"key": "Authorization",
								"value": "Token eyJhbGciOiJIUzUxMiJ9.eyJzdWIiOiJ1c2VyQHp1cC5jb20uYnIiLCJpZFVzdWFyaW8iOiJ1c2VyQHp1cC5jb20uYnIiLCJleHAiOjE2NDMzMTY2NTN9.BfeMT8In-syELp4Uk8lD_jAsM8pTrIjAVe7i1F0IksNoixjyvyV9FKa6B8oxFfbXl9LwJng1QCOg7l-otvpshA",
								"type": "default",
								"disabled": true
							}
						],
						"body": {
							"mode": "raw",
							"raw": "{\r\n    \"nome\": \"Telavita\",\r\n    \"descricao\": \"Terapia\",\r\n    \"link\":\"www.telavita.com.br\",\r\n    \"nivelZupper\": \"ZUPPER3\"\r\n}",
							"options": {
								"raw": {
									"language": "json"
								}
							}
						},
						"url": {
							"raw": "localhost:8080/beneficio",
							"host": [
								"localhost"
							],
							"port": "8080",
							"path": [
								"beneficio"
							]
						}
					},
					"response": []
				},
				{
					"name": "localhost:8080/beneficio/2",
					"request": {
						"method": "PUT",
						"header": [
							{
								"key": "Authorization",
								"value": "Token eyJhbGciOiJIUzUxMiJ9.eyJzdWIiOiJ1c2VyQHp1cC5jb20uYnIiLCJpZFVzdWFyaW8iOiJ1c2VyQHp1cC5jb20uYnIiLCJleHAiOjE2NDMzMjAzMjh9.SHQm54MqY7hRMA7ySWTQlbgWmuveaggw5HeFXwt4AqFaXZddqWPLwPN7Jns0nkHGt1YRxPNHI2QRNJfaLX_czQ",
								"type": "default"
							}
						],
						"body": {
							"mode": "raw",
							"raw": "{\r\n    \"nome\": \"GYMpass\",\r\n    \"descricao\": \"Plano para academia\",\r\n    \"link\":\"www.gympass.com.br\",\r\n    \"nivelZupper\": \"ZUPPER3\"\r\n}",
							"options": {
								"raw": {
									"language": "json"
								}
							}
						},
						"url": {
							"raw": "localhost:8080/beneficio/2",
							"host": [
								"localhost"
							],
							"port": "8080",
							"path": [
								"beneficio",
								"2"
							]
						}
					},
					"response": []
				},
				{
					"name": "localhost:8080/beneficio/2",
					"request": {
						"method": "DELETE",
						"header": [
							{
								"key": "Authorization",
								"value": "Token eyJhbGciOiJIUzUxMiJ9.eyJzdWIiOiJ1c2VyQHp1cC5jb20uYnIiLCJpZFVzdWFyaW8iOiJ1c2VyQHp1cC5jb20uYnIiLCJleHAiOjE2NDMzMjAzMjh9.SHQm54MqY7hRMA7ySWTQlbgWmuveaggw5HeFXwt4AqFaXZddqWPLwPN7Jns0nkHGt1YRxPNHI2QRNJfaLX_czQ",
								"type": "default"
							}
						],
						"url": {
							"raw": "localhost:8080/beneficio/2",
							"host": [
								"localhost"
							],
							"port": "8080",
							"path": [
								"beneficio",
								"2"
							]
						}
					},
					"response": []
				}
			]
		},
		{
			"name": "Funcionario",
			"item": [
				{
					"name": "localhost:8080/funcionario",
					"request": {
						"method": "GET",
						"header": [
							{
								"key": "Authorization",
								"value": "Token eyJhbGciOiJIUzUxMiJ9.eyJzdWIiOiJhZG1pbkB6dXAuY29tLmJyIiwiaWRVc3VhcmlvIjoiYWRtaW5AenVwLmNvbS5iciIsImV4cCI6MTY0MzY1MTMwMH0.Lh894tH05ofCHqTFs-EUO4EfxJjU04DYLjswyOmaIj08AjfomDyC9Dy4vVGrm--zM4L_BJRneCt3_D8ysQdpOQ",
								"type": "default"
							}
						],
						"url": {
							"raw": "localhost:8080/funcionario",
							"host": [
								"localhost"
							],
							"port": "8080",
							"path": [
								"funcionario"
							]
						}
					},
					"response": []
				},
				{
					"name": "localhost:8080/funcionario/bruno@zup.com.br",
					"request": {
						"method": "GET",
						"header": [
							{
								"key": "Authorization",
								"value": "Token eyJhbGciOiJIUzUxMiJ9.eyJzdWIiOiJhZG1pbkB6dXAuY29tLmJyIiwiaWRVc3VhcmlvIjoiYWRtaW5AenVwLmNvbS5iciIsImV4cCI6MTY0MzY1MTczNX0.uHdJXHBTmGm71VhHgrd-h-vevkL554gd4ghD9pcRTIpUXTIZwkPR7QyY2jAd6ij_TDFVjrTUqPxlL9g6x_mENA",
								"type": "default"
							}
						],
						"url": {
							"raw": "localhost:8080/funcionario/bruno@zup.com.br",
							"host": [
								"localhost"
							],
							"port": "8080",
							"path": [
								"funcionario",
								"bruno@zup.com.br"
							]
						}
					},
					"response": []
				},
				{
					"name": "localhost:8080/funcionario",
					"request": {
						"method": "POST",
						"header": [
							{
								"key": "Authorization",
								"value": "Token eyJhbGciOiJIUzUxMiJ9.eyJzdWIiOiJhZG1pbkB6dXAuY29tLmJyIiwiaWRVc3VhcmlvIjoiYWRtaW5AenVwLmNvbS5iciIsImV4cCI6MTY0MzY0NzE0MH0.i_WHVzr8wPUA-ietXsCUQohxf6eLLptPS9c4C1Z-4N4g5p6IC8QwGYT9X-3sBsyxJebXmo1BjEQhlGavI_UhIQ",
								"type": "default"
							}
						],
						"body": {
							"mode": "raw",
							"raw": "{\r\n    \"nomeDeFuncionario\":\"Bruno\",\r\n    \"email\":\"bruno@zup.com.br\",\r\n    \"nivelZupper\":\"ZUPPER3\",\r\n    \"dataDeContratacao\":\"2022-01-31\"\r\n}",
							"options": {
								"raw": {
									"language": "json"
								}
							}
						},
						"url": {
							"raw": "localhost:8080/funcionario",
							"host": [
								"localhost"
							],
							"port": "8080",
							"path": [
								"funcionario"
							]
						}
					},
					"response": []
				},
				{
					"name": "localhost:8080/funcionario/bruno@zup.com.br",
					"protocolProfileBehavior": {
						"disabledSystemHeaders": {}
					},
					"request": {
						"method": "PUT",
						"header": [
							{
								"key": "Authorization",
								"value": "Token eyJhbGciOiJIUzUxMiJ9.eyJzdWIiOiJhZG1pbkB6dXAuY29tLmJyIiwiaWRVc3VhcmlvIjoiYWRtaW5AenVwLmNvbS5iciIsImV4cCI6MTY0MzY0ODMyNH0.uuah0f2fgsqwJ7J2QJndOEtJtFodOcSLVSzD85fLm-dUvwBFen6TUvycEKwRx0nnGJRt_GgGqlm21FbGQ0WgwA",
								"type": "default"
							}
						],
						"body": {
							"mode": "raw",
							"raw": "{\r\n    \"nivelZupper\":\"ZUPPER3\"\r\n}",
							"options": {
								"raw": {
									"language": "json"
								}
							}
						},
						"url": {
							"raw": "localhost:8080/funcionario/bruno@zup.com.br",
							"host": [
								"localhost"
							],
							"port": "8080",
							"path": [
								"funcionario",
								"bruno@zup.com.br"
							]
						}
					},
					"response": []
				},
				{
					"name": "localhost:8080/funcionario/maicon@zup.com.br",
					"request": {
						"method": "DELETE",
						"header": [
							{
								"key": "Authorization",
								"value": "Token eyJhbGciOiJIUzUxMiJ9.eyJzdWIiOiJhZG1pbkB6dXAuY29tLmJyIiwiaWRVc3VhcmlvIjoiYWRtaW5AenVwLmNvbS5iciIsImV4cCI6MTY0MzY1MDk4OH0.ReTJLRnpF0-DABi8NF4pJHEYa-Dt3XUguaKhe4SBjy-jqRw_OdOMFw8rrPc23231Snbv71Fq7gm5FNH0ZaSLfQ",
								"type": "default"
							}
						],
						"url": {
							"raw": "localhost:8080/funcionario/maicon@zup.com.br",
							"host": [
								"localhost"
							],
							"port": "8080",
							"path": [
								"funcionario",
								"maicon@zup.com.br"
							]
						}
					},
					"response": []
				}
			]
		},
		{
			"name": "AtividadeFisica",
			"item": [
				{
					"name": "localhost:8080/atividadefisica",
					"request": {
						"method": "POST",
						"header": [
							{
								"key": "Authorization",
								"value": "Token eyJhbGciOiJIUzUxMiJ9.eyJzdWIiOiJtYWljb25AenVwLmNvbS5iciIsImlkVXN1YXJpbyI6Im1haWNvbkB6dXAuY29tLmJyIiwiZXhwIjoxNjQ0MzQ5Mjc2fQ.dN2pgGzJqf_yNDvbmJIFBMul6-4_3ImK7Vv51qBSdQktuhtRc1D742n-16NhoSLgKev8LsXT6DqYLLua742EWA",
								"type": "default"
							}
						],
						"body": {
							"mode": "raw",
							"raw": "{\r\n    \"nome\":\"Correr na beira mar\",\r\n    \"cidade\":\"Florianopolis\",\r\n    \"bairro\":\"Beira Mar\",\r\n    \"horario\":\"16:30\",\r\n    \"data\":\"10/02/2022\",\r\n    \"endereco\":\"Avenida Beira Mar\",\r\n    \"responsavel\":\"Maicon\",\r\n    \"contato\":\"(48) 99859-6968\"\r\n}",
							"options": {
								"raw": {
									"language": "json"
								}
							}
						},
						"url": {
							"raw": "localhost:8080/atividadefisica",
							"host": [
								"localhost"
							],
							"port": "8080",
							"path": [
								"atividadefisica"
							]
						}
					},
					"response": []
				},
				{
					"name": "localhost:8080/atividadefisica?bairro=copacabana",
					"request": {
						"method": "GET",
						"header": [
							{
								"key": "Authorization",
								"value": "Token eyJhbGciOiJIUzUxMiJ9.eyJzdWIiOiJtYWljb25AenVwLmNvbS5iciIsImlkVXN1YXJpbyI6Im1haWNvbkB6dXAuY29tLmJyIiwiZXhwIjoxNjQ0MzUwOTM5fQ.gNO9h31EHE0sJeva_IB_B4c_rbwJ-EY8d45DNrYcmFlQlmYXXttRp_d3kR0fejED-h04Fp6EdgXeEYvNmBEMvA",
								"type": "default"
							}
						],
						"url": {
							"raw": "localhost:8080/atividadefisica?bairro=copacabana",
							"host": [
								"localhost"
							],
							"port": "8080",
							"path": [
								"atividadefisica"
							],
							"query": [
								{
									"key": "bairro",
									"value": "copacabana"
								}
							]
						}
					},
					"response": []
				},
				{
					"name": "localhost:8080/atividadefisica",
					"request": {
						"method": "GET",
						"header": [
							{
								"key": "Authorization",
								"value": "Token eyJhbGciOiJIUzUxMiJ9.eyJzdWIiOiJtYWljb25AenVwLmNvbS5iciIsImlkVXN1YXJpbyI6Im1haWNvbkB6dXAuY29tLmJyIiwiZXhwIjoxNjQ0MzUwOTM5fQ.gNO9h31EHE0sJeva_IB_B4c_rbwJ-EY8d45DNrYcmFlQlmYXXttRp_d3kR0fejED-h04Fp6EdgXeEYvNmBEMvA",
								"type": "default"
							}
						],
						"url": {
							"raw": "localhost:8080/atividadefisica",
							"host": [
								"localhost"
							],
							"port": "8080",
							"path": [
								"atividadefisica"
							]
						}
					},
					"response": []
				},
				{
					"name": "localhost:8080/atividadefisica/1",
					"request": {
						"method": "PUT",
						"header": [
							{
								"key": "Authorization",
								"value": "Token eyJhbGciOiJIUzUxMiJ9.eyJzdWIiOiJtYWljb25AenVwLmNvbS5iciIsImlkVXN1YXJpbyI6Im1haWNvbkB6dXAuY29tLmJyIiwiZXhwIjoxNjQ0MzUwOTM5fQ.gNO9h31EHE0sJeva_IB_B4c_rbwJ-EY8d45DNrYcmFlQlmYXXttRp_d3kR0fejED-h04Fp6EdgXeEYvNmBEMvA",
								"type": "default"
							}
						],
						"body": {
							"mode": "raw",
							"raw": "{\r\n    \"nome\":\"Compras na 25 de marco\",\r\n    \"cidade\":\"Sao Paulo\",\r\n    \"bairro\":\"25 de marco\",\r\n    \"horario\":\"16:30\",\r\n    \"data\":\"10/02/2022\",\r\n    \"endereco\":\"25 de marco\",\r\n    \"responsavel\":\"Maicon\",\r\n    \"contato\":\"(48) 99859-6968\"\r\n}",
							"options": {
								"raw": {
									"language": "json"
								}
							}
						},
						"url": {
							"raw": "localhost:8080/atividadefisica/1",
							"host": [
								"localhost"
							],
							"port": "8080",
							"path": [
								"atividadefisica",
								"1"
							]
						}
					},
					"response": []
				},
				{
					"name": "localhost:8080/atividadefisica/1",
					"request": {
						"method": "DELETE",
						"header": [
							{
								"key": "Authorization",
								"value": "Token eyJhbGciOiJIUzUxMiJ9.eyJzdWIiOiJtYWljb25AenVwLmNvbS5iciIsImlkVXN1YXJpbyI6Im1haWNvbkB6dXAuY29tLmJyIiwiZXhwIjoxNjQ0MzUwOTM5fQ.gNO9h31EHE0sJeva_IB_B4c_rbwJ-EY8d45DNrYcmFlQlmYXXttRp_d3kR0fejED-h04Fp6EdgXeEYvNmBEMvA",
								"type": "default"
							}
						],
						"body": {
							"mode": "raw",
							"raw": "",
							"options": {
								"raw": {
									"language": "json"
								}
							}
						},
						"url": {
							"raw": "localhost:8080/atividadefisica/1",
							"host": [
								"localhost"
							],
							"port": "8080",
							"path": [
								"atividadefisica",
								"1"
							]
						}
					},
					"response": []
				}
			]
		}
	]
}